Price,0
2015-01-02,1.0
2015-01-05,1.0
2015-01-06,1.0
2015-01-07,1.0
2015-01-08,1.0
2015-01-09,1.0
2015-01-12,1.0
2015-01-13,1.0
2015-01-14,1.0
2015-01-15,1.0
2015-01-16,1.0
2015-01-20,1.0
2015-01-21,1.0
2015-01-22,1.0
2015-01-23,1.0
2015-01-26,1.0
2015-01-27,1.0
2015-01-28,1.0
2015-01-29,1.0
2015-01-30,1.0
2015-02-02,1.0
2015-02-03,1.0
2015-02-04,1.0
2015-02-05,1.0
2015-02-06,1.0
2015-02-09,1.0
2015-02-10,1.0
2015-02-11,1.0
2015-02-12,1.0
2015-02-13,1.0
2015-02-17,1.0
2015-02-18,1.0
2015-02-19,1.0
2015-02-20,1.0
2015-02-23,1.0
2015-02-24,1.0
2015-02-25,1.0
2015-02-26,1.0
2015-02-27,1.0
2015-03-02,1.0
2015-03-03,1.0
2015-03-04,1.0
2015-03-05,1.0
2015-03-06,1.0
2015-03-09,1.0
2015-03-10,1.0
2015-03-11,1.0
2015-03-12,1.0
2015-03-13,1.0
2015-03-16,1.0
2015-03-17,1.0167268277928627
2015-03-18,1.0281715247090422
2015-03-19,1.0204082360501745
2015-03-20,1.0076032095383562
2015-03-23,1.0180873631457261
2015-03-24,1.0139257861126219
2015-03-25,0.9874349549974657
2015-03-26,0.9943178770792624
2015-03-27,0.9863945778856251
2015-03-30,1.011364725941665
2015-03-31,0.995838491552637
2015-04-01,0.9943975051250694
2015-04-02,1.0029612579722351
2015-04-06,1.0192077112320812
2015-04-07,1.008483576115427
2015-04-08,1.005202091316428
2015-04-09,1.012885203243557
2015-04-10,1.0172070651543967
2015-04-13,1.0152061447337466
2015-04-14,1.0108045176056168
2015-04-15,1.0146459363976983
2015-04-16,1.0097640719080347
2015-04-17,0.9983995517235941
2015-04-20,1.021208768824214
2015-04-21,1.0156863135095393
2015-04-22,1.0156863135095393
2015-04-23,1.023978058219301
2015-04-24,1.0287951541604194
2015-04-27,1.047510506806606
2015-04-28,1.0310061281772536
2015-04-29,1.0158444674159806
2015-04-30,0.9882844742895468
2015-05-01,1.0182922324121209
2015-05-04,1.0163181847223943
2015-05-05,0.9934174043262414
2015-05-06,0.9871788857702786
2015-05-07,0.9932849665021483
2015-05-08,1.0119991686920193
2015-05-11,1.0016904710393502
2015-05-12,0.998122093917938
2015-05-13,0.9992323519363698
2015-05-14,1.0225456724325077
2015-05-15,1.021118632883887
2015-05-18,1.0323786902356367
2015-05-19,1.0314272628626553
2015-05-20,1.0313478137029797
2015-05-21,1.041894655812973
2015-05-22,1.0510135109397327
2015-05-26,1.0278586827195402
2015-05-27,1.0470486324328523
2015-05-28,1.044987150063142
2015-05-29,1.0330925822164017
2015-06-01,1.0351540645861121
2015-06-02,1.0305550139537458
2015-06-03,1.0318235612264206
2015-06-04,1.0257967266325234
2015-06-05,1.0201667994675
2015-06-08,1.013426614284045
2015-06-09,1.0104132984979477
2015-06-10,1.0219908141188951
2015-06-11,1.0196910519440587
2015-06-12,1.0084307238967056
2015-06-15,1.0064484876649682
2015-06-16,1.0118407440899737
2015-06-17,1.0094616681032635
2015-06-18,1.0094616681032635
2015-06-19,1.0094616681032635
2015-06-22,1.0094616681032635
2015-06-23,1.0094616681032635
2015-06-24,1.0094616681032635
2015-06-25,1.0094616681032635
2015-06-26,1.0094616681032635
2015-06-29,1.0094616681032635
2015-06-30,1.0094616681032635
2015-07-01,1.0094616681032635
2015-07-02,1.0094616681032635
2015-07-06,1.0094616681032635
2015-07-07,1.0094616681032635
2015-07-08,1.0094616681032635
2015-07-09,1.0094616681032635
2015-07-10,1.0094616681032635
2015-07-13,1.0094616681032635
2015-07-14,1.0094616681032635
2015-07-15,1.0094616681032635
2015-07-16,1.0094616681032635
2015-07-17,1.0094616681032635
2015-07-20,1.0094616681032635
2015-07-21,1.0094616681032635
2015-07-22,1.0094616681032635
2015-07-23,1.0094616681032635
2015-07-24,1.0094616681032635
2015-07-27,1.0094616681032635
2015-07-28,1.0094616681032635
2015-07-29,1.0094616681032635
2015-07-30,1.0094616681032635
2015-07-31,1.0094616681032635
2015-08-03,1.0094616681032635
2015-08-04,1.0094616681032635
2015-08-05,1.0094616681032635
2015-08-06,1.0094616681032635
2015-08-07,1.0094616681032635
2015-08-10,1.0094616681032635
2015-08-11,1.0094616681032635
2015-08-12,1.0094616681032635
2015-08-13,1.0094616681032635
2015-08-14,1.0094616681032635
2015-08-17,1.0094616681032635
2015-08-18,1.0094616681032635
2015-08-19,1.0094616681032635
2015-08-20,1.0094616681032635
2015-08-21,1.0094616681032635
2015-08-24,1.0094616681032635
2015-08-25,1.0094616681032635
2015-08-26,1.0094616681032635
2015-08-27,1.0094616681032635
2015-08-28,1.0094616681032635
2015-08-31,1.0094616681032635
2015-09-01,1.0094616681032635
2015-09-02,1.0094616681032635
2015-09-03,1.0094616681032635
2015-09-04,1.0094616681032635
2015-09-08,1.0094616681032635
2015-09-09,1.0094616681032635
2015-09-10,1.0094616681032635
2015-09-11,1.0094616681032635
2015-09-14,1.0094616681032635
2015-09-15,1.0094616681032635
2015-09-16,1.0094616681032635
2015-09-17,1.0094616681032635
2015-09-18,1.0094616681032635
2015-09-21,1.0094616681032635
2015-09-22,1.0094616681032635
2015-09-23,1.0094616681032635
2015-09-24,1.0094616681032635
2015-09-25,1.0094616681032635
2015-09-28,1.0094616681032635
2015-09-29,1.0094616681032635
2015-09-30,1.0094616681032635
2015-10-01,1.0094616681032635
2015-10-02,1.0094616681032635
2015-10-05,1.0094616681032635
2015-10-06,1.0094616681032635
2015-10-07,1.0094616681032635
2015-10-08,1.0094616681032635
2015-10-09,1.0094616681032635
2015-10-12,1.0094616681032635
2015-10-13,1.0094616681032635
2015-10-14,1.0094616681032635
2015-10-15,1.0094616681032635
2015-10-16,1.0094616681032635
2015-10-19,1.0094616681032635
2015-10-20,1.0094616681032635
2015-10-21,1.0094616681032635
2015-10-22,1.0094616681032635
2015-10-23,1.0407505017709713
2015-10-26,1.007538624304873
2015-10-27,1.0011587729884008
2015-10-28,1.0424108431886245
2015-10-29,1.0534233299591826
2015-10-30,1.0444210584383955
2015-11-02,1.0591041018763785
2015-11-03,1.071252713329711
2015-11-04,1.0662708723084664
2015-11-05,1.0613557835315077
2015-11-06,1.0625845000370007
2015-11-09,1.0582839180161128
2015-11-10,1.0249294773586592
2015-11-11,1.019136436928271
2015-11-12,1.0157137323091503
2015-11-13,0.9860461094331356
2015-11-16,1.0021967369737939
2015-11-17,0.9978956351912708
2015-11-18,1.029493949786879
2015-11-19,1.0425720435471828
2015-11-20,1.0471365159754022
2015-11-23,1.0335313839170568
2015-11-24,1.0434499209489498
2015-11-25,1.0359894851930025
2015-11-27,1.0340581994601117
2015-11-30,1.0383590042359863
2015-12-01,1.0299326286069448
2015-12-02,1.0206288210861092
2015-12-03,1.011149334132593
2015-12-04,1.0447665514224453
2015-12-07,1.0381834733066302
2015-12-08,1.037744720234902
2015-12-09,1.0148355579007347
2015-12-10,1.0196633267229882
2015-12-11,0.9934191509827159
2015-12-14,0.9872751229452773
2015-12-15,0.9698080876861102
2015-12-16,0.9698080876861102
2015-12-17,0.9698080876861102
2015-12-18,0.9698080876861102
2015-12-21,0.9698080876861102
2015-12-22,0.9698080876861102
2015-12-23,0.9698080876861102
2015-12-24,0.9698080876861102
2015-12-28,0.9698080876861102
2015-12-29,0.9698080876861102
2015-12-30,0.9698080876861102
2015-12-31,0.9698080876861102
2016-01-04,0.9698080876861102
2016-01-05,0.9698080876861102
2016-01-06,0.9698080876861102
2016-01-07,0.9698080876861102
2016-01-08,0.9698080876861102
2016-01-11,0.9698080876861102
2016-01-12,0.9698080876861102
2016-01-13,0.9698080876861102
2016-01-14,0.9698080876861102
2016-01-15,0.9698080876861102
2016-01-19,0.9698080876861102
2016-01-20,0.9698080876861102
2016-01-21,0.9698080876861102
2016-01-22,0.9698080876861102
2016-01-25,0.9698080876861102
2016-01-26,0.9698080876861102
2016-01-27,0.9698080876861102
2016-01-28,0.9698080876861102
2016-01-29,0.9698080876861102
2016-02-01,0.9698080876861102
2016-02-02,0.9698080876861102
2016-02-03,0.9698080876861102
2016-02-04,0.9698080876861102
2016-02-05,0.9698080876861102
2016-02-08,0.9698080876861102
2016-02-09,0.9698080876861102
2016-02-10,0.9698080876861102
2016-02-11,0.9698080876861102
2016-02-12,0.9698080876861102
2016-02-16,0.9698080876861102
2016-02-17,0.9698080876861102
2016-02-18,0.9698080876861102
2016-02-19,0.9698080876861102
2016-02-22,0.9698080876861102
2016-02-23,0.9698080876861102
2016-02-24,0.9698080876861102
2016-02-25,0.9698080876861102
2016-02-26,0.9698080876861102
2016-02-29,0.9698080876861102
2016-03-01,0.9698080876861102
2016-03-02,0.9698080876861102
2016-03-03,0.9698080876861102
2016-03-04,0.9698080876861102
2016-03-07,0.9698080876861102
2016-03-08,0.9618111415009087
2016-03-09,0.9626681316672345
2016-03-10,0.9631441661151713
2016-03-11,0.9735211243400065
2016-03-14,0.9759961350091624
2016-03-15,0.9956074246037395
2016-03-16,1.0088405094161697
2016-03-17,1.00722200831319
2016-03-18,1.0083643147681831
2016-03-21,1.0082691559386108
2016-03-22,1.0159802251349703
2016-03-23,1.010363531289477
2016-03-24,1.0059843027285493
2016-03-28,1.0014147565084768
2016-03-29,1.0251193175751154
2016-03-30,1.043017347737265
2016-03-31,1.0375909715509164
2016-04-01,1.047110779409376
2016-04-04,1.057868773452625
2016-04-05,1.045397279676874
2016-04-06,1.056345511279243
2016-04-07,1.0333069018195615
2016-04-08,1.0344492883745797
2016-04-11,1.037876608239684
2016-04-12,1.0513949292407565
2016-04-13,1.0666269101743813
2016-04-14,1.0671982636519404
2016-04-15,1.0457781552952385
2016-04-18,1.0232155001834689
2016-04-19,1.0177889637970707
2016-04-20,1.0198835794480117
2016-04-21,1.00884050941617
2016-04-22,1.0060794615581226
2016-04-25,1.0003676088830569
2016-04-26,0.9934178103232761
2016-04-27,0.9312519407040626
2016-04-28,0.9027867948579826
2016-04-29,0.8924100769332224
2016-05-02,0.8924100769332224
2016-05-03,0.8924100769332224
2016-05-04,0.8924100769332224
2016-05-05,0.8924100769332224
2016-05-06,0.8924100769332224
2016-05-09,0.8924100769332224
2016-05-10,0.8924100769332224
2016-05-11,0.8924100769332224
2016-05-12,0.8924100769332224
2016-05-13,0.8924100769332224
2016-05-16,0.8924100769332224
2016-05-17,0.8924100769332224
2016-05-18,0.8924100769332224
2016-05-19,0.8924100769332224
2016-05-20,0.8924100769332224
2016-05-23,0.8924100769332224
2016-05-24,0.8924100769332224
2016-05-25,0.8924100769332224
2016-05-26,0.8924100769332224
2016-05-27,0.8924100769332224
2016-05-31,0.8924100769332224
2016-06-01,0.8924100769332224
2016-06-02,0.8924100769332224
2016-06-03,0.8924100769332224
2016-06-06,0.8924100769332224
2016-06-07,0.8924100769332224
2016-06-08,0.8924100769332224
2016-06-09,0.8924100769332224
2016-06-10,0.8924100769332224
2016-06-13,0.8924100769332224
2016-06-14,0.8924100769332224
2016-06-15,0.8924100769332224
2016-06-16,0.8924100769332224
2016-06-17,0.8924100769332224
2016-06-20,0.8924100769332224
2016-06-21,0.8924100769332224
2016-06-22,0.8924100769332224
2016-06-23,0.8924100769332224
2016-06-24,0.8924100769332224
2016-06-27,0.8924100769332224
2016-06-28,0.8924100769332224
2016-06-29,0.8924100769332224
2016-06-30,0.8924100769332224
2016-07-01,0.8924100769332224
2016-07-05,0.8924100769332224
2016-07-06,0.8924100769332224
2016-07-07,0.8924100769332224
2016-07-08,0.8924100769332224
2016-07-11,0.8924100769332224
2016-07-12,0.8924100769332224
2016-07-13,0.8924100769332224
2016-07-14,0.9100979493130251
2016-07-15,0.910005883161082
2016-07-18,0.9196786843682888
2016-07-19,0.9200473341900864
2016-07-20,0.9208766229428191
2016-07-21,0.915994112220439
2016-07-22,0.9089003189097145
2016-07-25,0.8967397284871136
2016-07-26,0.8905672900810648
2016-07-27,0.94842165996213
2016-07-28,0.9612268675339427
2016-07-29,0.9600296223446572
2016-08-01,0.9769801180380601
2016-08-02,0.9625167952176112
2016-08-03,0.9745848572314392
2016-08-04,0.980605598354495
2016-08-05,0.9955178495995236
2016-08-08,1.0037612756460603
2016-08-09,1.007836762986345
2016-08-10,1.0003343346380416
2016-08-11,0.9996860194341911
2016-08-12,1.0020012327664445
2016-08-15,1.0140425609269466
2016-08-16,1.013116352325557
2016-08-17,1.0116345880575048
2016-08-18,1.0103378806069987
2016-08-19,1.0129312955080112
2016-08-22,1.0050579830965662
2016-08-23,1.008207415921071
2016-08-24,1.0006123050783848
2016-08-25,0.9963513757065295
2016-08-26,0.9905161536578495
2016-08-29,0.9894047341533041
2016-08-30,0.9818095462678128
2016-08-31,0.9827359859976172
2016-09-01,0.9885711310034925
2016-09-02,0.9978335251886064
2016-09-06,0.9975554777054576
2016-09-07,1.0036687472372865
2016-09-08,0.9773636371212164
2016-09-09,0.9552266968398136
2016-09-12,0.9766227164657878
2016-09-13,0.999870999208931
2016-09-14,1.0352532926069593
2016-09-15,1.0704502980590267
2016-09-16,1.0644297110215806
2016-09-19,1.0520183462687915
2016-09-20,1.0519258178600186
2016-09-21,1.0517403758284478
2016-09-22,1.0616510081746076
2016-09-23,1.0439597459113859
2016-09-26,1.045534500845041
2016-09-27,1.0474798316706175
2016-09-28,1.0554452102340053
2016-09-29,1.0390511176781196
2016-09-30,1.0471092557786956
2016-10-03,1.0421999341601849
2016-10-04,1.046646074435196
2016-10-05,1.0471092557786958
2016-10-06,1.0548894234389277
2016-10-07,1.0564641013297777
2016-10-10,1.074896438334038
2016-10-11,1.0772118827947066
2016-10-12,1.0868446987861324
2016-10-13,1.0835103632296916
2016-10-14,1.0895307191387227
2016-10-17,1.088789875526099
2016-10-18,1.0880487237422556
2016-10-19,1.0848069936373927
2016-10-20,1.0842512838851202
2016-10-21,1.07999027747046
2016-10-24,1.0897160841274884
2016-10-25,1.0952734127786299
2016-10-26,1.0706354319193778
2016-10-27,1.0603544548097115
2016-10-28,1.053314976676493
2016-10-31,1.0516475392484552
2016-11-01,1.0326597236203376
2016-11-02,1.033586163350142
2016-11-03,1.022507253909367
2016-11-04,1.0132905461076018
2016-11-07,1.0279070300243376
2016-11-08,1.033958511226578
2016-11-09,1.033958511226578
2016-11-10,1.033958511226578
2016-11-11,1.033958511226578
2016-11-14,1.033958511226578
2016-11-15,1.033958511226578
2016-11-16,1.033958511226578
2016-11-17,1.033958511226578
2016-11-18,1.033958511226578
2016-11-21,1.033958511226578
2016-11-22,1.033958511226578
2016-11-23,1.033958511226578
2016-11-25,1.033958511226578
2016-11-28,1.033958511226578
2016-11-29,1.033958511226578
2016-11-30,1.033958511226578
2016-12-01,1.033958511226578
2016-12-02,1.033958511226578
2016-12-05,1.033958511226578
2016-12-06,1.033958511226578
2016-12-07,1.033958511226578
2016-12-08,1.033958511226578
2016-12-09,1.033958511226578
2016-12-12,1.033958511226578
2016-12-13,1.033958511226578
2016-12-14,1.033958511226578
2016-12-15,1.033958511226578
2016-12-16,1.0352975222264669
2016-12-19,1.0412787089063569
2016-12-20,1.0440461953100446
2016-12-21,1.0450282352119216
2016-12-22,1.0381541775281884
2016-12-23,1.0402074262299768
2016-12-27,1.04681382946667
2016-12-28,1.0423501393356744
2016-12-29,1.0420823371356969
2016-12-30,1.0339585112265774
2017-01-03,1.0369044093028021
2017-01-04,1.035744031604857
2017-01-05,1.0410111283357857
2017-01-06,1.052616604474023
2017-01-09,1.0622578530555682
2017-01-10,1.0633292834848864
2017-01-11,1.069042741841268
2017-01-12,1.0645787562043967
2017-01-13,1.0627042146810213
2017-01-17,1.0712744760920623
2017-01-18,1.0711853071940283
2017-01-19,1.0693105440412458
2017-01-20,1.071274476092062
2017-01-23,1.0719887137939614
2017-01-24,1.071006600015615
2017-01-25,1.0880575845573184
2017-01-26,1.088593410586681
2017-01-27,1.0886828011141219
2017-01-30,1.0858259980594622
2017-01-31,1.0833264616086904
2017-02-01,1.1493881299286184
2017-02-02,1.1474243456307398
2017-02-03,1.1523341757577807
2017-02-06,1.1631361714196162
2017-02-07,1.1742061170343672
2017-02-08,1.1787589760633965
2017-02-09,1.1872765635520697
2017-02-10,1.184587016823134
2017-02-13,1.1950768844036155
2017-02-14,1.2105885049616119
2017-02-15,1.2149816430647509
2017-02-16,1.2135472575434352
2017-02-17,1.2168640893703047
2017-02-21,1.2256508827118657
2017-02-22,1.2293271974366917
2017-02-23,1.2241268111572337
2017-02-24,1.225292360208006
2017-02-27,1.2277133659722743
2017-02-28,1.2282512605427676
2017-03-01,1.2533562577304234
2017-03-02,1.2459139422474543
2017-03-03,1.2532664239441687
2017-03-06,1.2493214205017373
2017-03-07,1.2509357691014378
2017-03-08,1.2462728341336589
2017-03-09,1.2434039153380898
2017-03-10,1.247528143094217
2017-03-13,1.248066111541179
2017-03-14,1.246183443606218
2017-03-15,1.2593633011744492
2017-03-16,1.2614254889289818
2017-03-17,1.2551493873850057
2017-03-20,1.2683298359649884
2017-03-21,1.2538046878970068
2017-03-22,1.2679707963258455
2017-03-23,1.263487528930576
2017-03-24,1.260977058762398
2017-03-27,1.2631290803031852
2017-03-28,1.2893095711259517
2017-03-29,1.2921792286862102
2017-03-30,1.290474898547317
2017-03-31,1.2880545576712692
2017-04-03,1.28841300629866
2017-04-04,1.2980069000636023
2017-04-05,1.291282072847167
2017-04-06,1.2880545576712692
2017-04-07,1.2851853433698244
2017-04-10,1.283661271815192
2017-04-11,1.2698531687549304
2017-04-12,1.2713778313213142
2017-04-13,1.2646534473636926
2017-04-17,1.2716468894212645
2017-04-18,1.2659979990987538
2017-04-19,1.2613356551427266
2017-04-20,1.277115964418328
2017-04-21,1.275592040616634
2017-04-24,1.2878753333575736
2017-04-25,1.2958553217816289
2017-04-26,1.2882336342320266
2017-04-27,1.2892200328455725
2017-04-28,1.2879647238850147
2017-05-01,1.3142347529881602
2017-05-02,1.3225731900396065
2017-05-03,1.3185386483167962
2017-05-04,1.3137867660803904
2017-05-05,1.3355744143058936
2017-05-08,1.3718867673405648
2017-05-09,1.3806733390527188
2017-05-10,1.3741281794087927
2017-05-11,1.3860119482056001
2017-05-12,1.4053686173435258
2017-05-15,1.4017674349876315
2017-05-16,1.399696234303886
2017-05-17,1.352701196104749
2017-05-18,1.3733176067913702
2017-05-19,1.3779993063822646
2017-05-22,1.3863724653741218
2017-05-23,1.3846611908471465
2017-05-24,1.3805204147619727
2017-05-25,1.3852918003861838
2017-05-26,1.3829510983436748
2017-05-30,1.3834912830847055
2017-05-31,1.3752977916653575
2017-06-01,1.3790787893466991
2017-06-02,1.3995162712255007
2017-06-05,1.3858316896213392
2017-06-06,1.3905133892122337
2017-06-07,1.3987961234060846
2017-06-08,1.3953749041285752
2017-06-09,1.3412673350039042
2017-06-12,1.3092160289458727
2017-06-13,1.3197497791489161
2017-06-14,1.306875770162177
2017-06-15,1.2990429436642887
2017-06-16,1.2808572165593695
2017-06-19,1.3174992063985373
2017-06-20,1.3174992063985373
2017-06-21,1.3174992063985373
2017-06-22,1.3174992063985373
2017-06-23,1.3174992063985373
2017-06-26,1.3174992063985373
2017-06-27,1.3174992063985373
2017-06-28,1.3174992063985373
2017-06-29,1.3174992063985373
2017-06-30,1.3174992063985373
2017-07-03,1.3174992063985373
2017-07-05,1.3174992063985373
2017-07-06,1.3174992063985373
2017-07-07,1.3174992063985373
2017-07-10,1.3174992063985373
2017-07-11,1.3174992063985373
2017-07-12,1.3174992063985373
2017-07-13,1.3174992063985373
2017-07-14,1.3174992063985373
2017-07-17,1.3174992063985373
2017-07-18,1.3174992063985373
2017-07-19,1.3174992063985373
2017-07-20,1.3174992063985373
2017-07-21,1.3174992063985373
2017-07-24,1.3174992063985373
2017-07-25,1.3174992063985373
2017-07-26,1.3237096692524435
2017-07-27,1.298695253860185
2017-07-28,1.289551628089251
2017-07-31,1.2829096845128014
2017-08-01,1.2942963588561442
2017-08-02,1.3554526641142608
2017-08-03,1.3419102849012026
2017-08-04,1.348983426076362
2017-08-07,1.3698577216485721
2017-08-08,1.3808126321455376
2017-08-09,1.3892652942003512
2017-08-10,1.3450151624233633
2017-08-11,1.3637195969341736
2017-08-14,1.3842433852002758
2017-08-15,1.3993977299604474
2017-08-16,1.3937686618990233
2017-08-17,1.367010911500819
2017-08-18,1.3638928687203915
2017-08-21,1.3613821265632289
2017-08-22,1.3836370755104284
2017-08-23,1.3853686608772762
2017-08-24,1.3792204852667818
2017-08-25,1.3843295964076339
2017-08-28,1.3982714633500286
2017-08-29,1.4107416526049028
2017-08-30,1.4145522162825357
2017-08-31,1.4201802934105416
2017-09-01,1.4206136144380044
2017-09-05,1.4035541294009324
2017-09-06,1.4020818854657446
2017-09-07,1.3964529589662378
2017-09-08,1.3736784777842175
2017-09-11,1.3985316541531894
2017-09-12,1.392988938861041
2017-09-13,1.382511092023843
2017-09-14,1.3706476371445662
2017-09-15,1.3845028681938518
2017-09-18,1.3740243135470696
2017-09-19,1.3745441289057243
2017-09-20,1.3515095984824599
2017-09-21,1.3283022209587276
2017-09-22,1.315311933221365
2017-09-25,1.3037085275833324
2017-09-26,1.3037085275833324
2017-09-27,1.3037085275833324
2017-09-28,1.3037085275833324
2017-09-29,1.3037085275833324
2017-10-02,1.3037085275833324
2017-10-03,1.3037085275833324
2017-10-04,1.3037085275833324
2017-10-05,1.3037085275833324
2017-10-06,1.3037085275833324
2017-10-09,1.3037085275833324
2017-10-10,1.3037085275833324
2017-10-11,1.3037085275833324
2017-10-12,1.3037085275833324
2017-10-13,1.3037085275833324
2017-10-16,1.3037085275833324
2017-10-17,1.3037085275833324
2017-10-18,1.3037085275833324
2017-10-19,1.3037085275833324
2017-10-20,1.3037085275833324
2017-10-23,1.3037085275833324
2017-10-24,1.3037085275833324
2017-10-25,1.3037085275833324
2017-10-26,1.3037085275833324
2017-10-27,1.3037085275833324
2017-10-30,1.3330524918750275
2017-10-31,1.351602617347473
2017-11-01,1.3344122601603863
2017-11-02,1.3441664376375475
2017-11-03,1.379268013502998
2017-11-06,1.3932605689885267
2017-11-07,1.397738406335429
2017-11-08,1.409172328331974
2017-11-09,1.4062937186089652
2017-11-10,1.401639423780064
2017-11-13,1.3960223246456782
2017-11-14,1.3749177483801185
2017-11-15,1.356782624763485
2017-11-16,1.37299213976915
2017-11-17,1.3653687844190596
2017-11-20,1.3640044413100936
2017-11-21,1.3893620350195643
2017-11-22,1.4039667019037605
2017-11-24,1.4040461731252831
2017-11-27,1.3969852596604087
2017-11-28,1.3888006388083163
2017-11-29,1.3599917981694383
2017-11-30,1.3790107777070173
2017-12-01,1.3725909930934057
2017-12-04,1.3625606269796047
2017-12-05,1.3612764086383906
2017-12-06,1.3562209671337453
2017-12-07,1.3587087562114377
2017-12-08,1.359109380050198
2017-12-11,1.385590419728396
2017-12-12,1.3778072069705392
2017-12-13,1.3823807234854588
2017-12-14,1.3819793153912228
2017-12-15,1.3960223246456787
2017-12-18,1.4156825637437664
2017-12-19,1.4005964947068281
2017-12-20,1.3990717713531113
2017-12-21,1.4043678485795048
2017-12-22,1.4043678485795048
2017-12-26,1.3687391223252388
2017-12-27,1.3689801501747245
2017-12-28,1.3728316288151539
2017-12-29,1.3579859340814717
2018-01-02,1.3823003372992146
2018-01-03,1.3820598322867124
2018-01-04,1.3884792247725861
2018-01-05,1.4042875931025067
2018-01-08,1.3990717713531111
2018-01-09,1.3989111296898693
2018-01-10,1.398590107781877
2018-01-11,1.4065344850399593
2018-01-12,1.4210588964471573
2018-01-16,1.4138368184820571
2018-01-17,1.437188025266578
2018-01-18,1.4384717207708086
2018-01-19,1.4320523282849347
2018-01-22,1.4203365971541753
2018-01-23,1.4206576190621671
2018-01-24,1.3980285808613828
2018-01-25,1.373071872409164
2018-01-26,1.376281699361347
2018-01-29,1.3477950570136745
2018-01-30,1.3398509411740844
2018-01-31,1.3435420395697637
2018-02-01,1.3463507198462024
2018-02-02,1.3463507198462024
2018-02-05,1.3463507198462024
2018-02-06,1.3463507198462024
2018-02-07,1.3463507198462024
2018-02-08,1.3463507198462024
2018-02-09,1.3463507198462024
2018-02-12,1.3463507198462024
2018-02-13,1.3463507198462024
2018-02-14,1.3463507198462024
2018-02-15,1.3463507198462024
2018-02-16,1.3463507198462024
2018-02-20,1.3463507198462024
2018-02-21,1.3463507198462024
2018-02-22,1.3463507198462024
2018-02-23,1.3463507198462024
2018-02-26,1.3463507198462024
2018-02-27,1.3419875759923652
2018-02-28,1.3399562342647098
2018-03-01,1.3164854199813765
2018-03-02,1.3255879544025606
2018-03-05,1.3301768706923345
2018-03-06,1.329048374630116
2018-03-07,1.3167110703781584
2018-03-08,1.3310793502403078
2018-03-09,1.3539486335308135
2018-03-12,1.3670384312097894
2018-03-13,1.3538734574116045
2018-03-14,1.3423638227058743
2018-03-15,1.3439433754833472
2018-03-16,1.339203862876846
2018-03-19,1.3187420459883499
2018-03-20,1.3182909892730952
2018-03-21,1.288425201251651
2018-03-22,1.2702202544484373
2018-03-23,1.2408058892597116
2018-03-26,1.2997096737172176
2018-03-27,1.2663839536248362
2018-03-28,1.2523913102804236
2018-03-29,1.2621707958919532
2018-04-02,1.2621707958919532
2018-04-03,1.2621707958919532
2018-04-04,1.2621707958919532
2018-04-05,1.2621707958919532
2018-04-06,1.2621707958919532
2018-04-09,1.2621707958919532
2018-04-10,1.2621707958919532
2018-04-11,1.2621707958919532
2018-04-12,1.2621707958919532
2018-04-13,1.2621707958919532
2018-04-16,1.2700442157516056
2018-04-17,1.2875252749818793
2018-04-18,1.2846352606849998
2018-04-19,1.2482290725553076
2018-04-20,1.1970860614618375
2018-04-23,1.1936190286588417
2018-04-24,1.177004669036861
2018-04-25,1.177004669036861
2018-04-26,1.177004669036861
2018-04-27,1.177004669036861
2018-04-30,1.177004669036861
2018-05-01,1.177004669036861
2018-05-02,1.177004669036861
2018-05-03,1.177004669036861
2018-05-04,1.177004669036861
2018-05-07,1.177004669036861
2018-05-08,1.177004669036861
2018-05-09,1.1852919534199793
2018-05-10,1.2022464544064795
2018-05-11,1.1976740286340823
2018-05-14,1.1948795460772041
2018-05-15,1.1840199707246928
2018-05-16,1.1950702305896972
2018-05-17,1.1875129456346547
2018-05-18,1.1831945264114614
2018-05-21,1.191577358308644
2018-05-22,1.1885924991259984
2018-05-23,1.1962131061177517
2018-05-24,1.194879546077204
2018-05-25,1.197610398710645
2018-05-29,1.1932917742296343
2018-05-30,1.190751606108686
2018-05-31,1.1867510286159513
2018-06-01,1.2081526454772413
2018-06-04,1.2182499959243231
2018-06-05,1.2276491619050476
2018-06-06,1.2319040538337125
2018-06-07,1.2286017634362438
2018-06-08,1.2174246542400007
2018-06-11,1.2144397950573556
2018-06-12,1.2211079031468208
2018-06-13,1.2110739773653585
2018-06-14,1.2117090450528225
2018-06-15,1.1992618004816509
2018-06-18,1.1986264249074603
2018-06-19,1.179257168326528
2018-06-20,1.1844013397496786
2018-06-21,1.1777965536969237
2018-06-22,1.1743672087103987
2018-06-25,1.156902642047315
2018-06-26,1.1712551923097885
2018-06-27,1.169540160615345
2018-06-28,1.1780502523594014
2018-06-29,1.1755736115329813
2018-07-02,1.1887193484572367
2018-07-03,1.1680162239490302
2018-07-05,1.1774152873008459
2018-07-06,1.1774152873008459
2018-07-09,1.1774152873008459
2018-07-10,1.1774152873008459
2018-07-11,1.1774152873008459
2018-07-12,1.1774152873008459
2018-07-13,1.1792641412673788
2018-07-16,1.1766757257933842
2018-07-17,1.1800038023790842
2018-07-18,1.1735322158707582
2018-07-19,1.1826542712967354
2018-07-20,1.1799421473524014
2018-07-23,1.180989983993277
2018-07-24,1.1895576422003271
2018-07-25,1.200774972491081
2018-07-26,1.1970154103228456
2018-07-27,1.1771073109801629
2018-07-30,1.1705122152099847
2018-07-31,1.1728543093899795
2018-08-01,1.2419471833464917
2018-08-02,1.2782502407618654
2018-08-03,1.2819486459246352
2018-08-06,1.2886050979087658
2018-08-07,1.2765245972444543
2018-08-08,1.2773874688052815
2018-08-09,1.2874337520060384
2018-08-10,1.2835992874467441
2018-08-13,1.2918871573340018
2018-08-14,1.2973300312161906
2018-08-15,1.3003607891352544
2018-08-16,1.3194110967335246
2018-08-17,1.3457598056648268
2018-08-20,1.3326474050385888
2018-08-21,1.3300490291402511
2018-08-22,1.330110982979664
2018-08-23,1.3328327685356105
2018-08-24,1.336976902687726
2018-08-27,1.3479863589224432
2018-08-28,1.358872405499552
2018-08-29,1.3791593993842395
2018-08-30,1.3918388203642906
2018-08-31,1.4079200250701798
2018-09-04,1.412435384237556
2018-09-05,1.403219402010025
2018-09-06,1.379901450997787
2018-09-07,1.368768585105461
2018-09-10,1.3503984748855686
2018-09-11,1.384540419031259
2018-09-12,1.367346037300805
2018-09-13,1.4003743064007135
2018-09-14,1.3844783655876027
2018-09-17,1.3476153331156697
2018-09-18,1.3498420855817728
2018-09-19,1.3506458918262467
2018-09-20,1.3609134956559032
2018-09-21,1.3462544403376964
2018-09-24,1.3656136206948408
2018-09-25,1.3742731140143327
2018-09-26,1.3633252132020548
2018-09-27,1.3913438868786911
2018-09-28,1.396230271852841
2018-10-01,1.405631418368907
2018-10-02,1.4181259738731538
2018-10-03,1.4353821102345337
2018-10-04,1.41014697674477
2018-10-05,1.3872618061702318
2018-10-08,1.3840455851499027
2018-10-09,1.4032194020100253
2018-10-10,1.3382137881826304
2018-10-11,1.3264003264949527
2018-10-12,1.373778180528733
2018-10-15,1.3443990124910972
2018-10-16,1.374025995886385
2018-10-17,1.368087889705866
2018-10-18,1.3361108437911096
2018-10-19,1.3564599907236967
2018-10-22,1.3564599907236967
2018-10-23,1.3564599907236967
2018-10-24,1.3564599907236967
2018-10-25,1.3564599907236967
2018-10-26,1.3564599907236967
2018-10-29,1.3564599907236967
2018-10-30,1.3564599907236967
2018-10-31,1.3564599907236967
2018-11-01,1.3564599907236967
2018-11-02,1.3564599907236967
2018-11-05,1.3564599907236967
2018-11-06,1.3564599907236967
2018-11-07,1.3564599907236967
2018-11-08,1.3564599907236967
2018-11-09,1.3564599907236967
2018-11-12,1.3564599907236967
2018-11-13,1.3564599907236967
2018-11-14,1.3564599907236967
2018-11-15,1.3564599907236967
2018-11-16,1.3564599907236967
2018-11-19,1.3564599907236967
2018-11-20,1.3564599907236967
2018-11-21,1.3564599907236967
2018-11-23,1.3564599907236967
2018-11-26,1.3564599907236967
2018-11-27,1.3564599907236967
2018-11-28,1.3564599907236967
2018-11-29,1.3564599907236967
2018-11-30,1.3564599907236967
2018-12-03,1.3564599907236967
2018-12-04,1.3564599907236967
2018-12-06,1.3564599907236967
2018-12-07,1.3564599907236967
2018-12-10,1.3564599907236967
2018-12-11,1.3564599907236967
2018-12-12,1.3564599907236967
2018-12-13,1.3564599907236967
2018-12-14,1.3564599907236967
2018-12-17,1.3564599907236967
2018-12-18,1.3564599907236967
2018-12-19,1.3564599907236967
2018-12-20,1.3564599907236967
2018-12-21,1.3564599907236967
2018-12-24,1.3564599907236967
2018-12-26,1.3564599907236967
2018-12-27,1.3564599907236967
2018-12-28,1.3564599907236967
2018-12-31,1.3564599907236967
2019-01-02,1.3564599907236967
2019-01-03,1.3564599907236967
2019-01-04,1.3564599907236967
2019-01-07,1.3564599907236967
2019-01-08,1.3564599907236967
2019-01-09,1.3564599907236967
2019-01-10,1.3564599907236967
2019-01-11,1.3564599907236967
2019-01-14,1.3564599907236967
2019-01-15,1.3564599907236967
2019-01-16,1.3564599907236967
2019-01-17,1.3564599907236967
2019-01-18,1.3564599907236967
2019-01-22,1.3564599907236967
2019-01-23,1.3564599907236967
2019-01-24,1.3564599907236967
2019-01-25,1.3564599907236967
2019-01-28,1.3564599907236967
2019-01-29,1.3564599907236967
2019-01-30,1.3564599907236967
2019-01-31,1.3564599907236967
2019-02-01,1.3564599907236967
2019-02-04,1.3564599907236967
2019-02-05,1.3564599907236967
2019-02-06,1.3564599907236967
2019-02-07,1.3307692296603717
2019-02-08,1.332333010770919
2019-02-11,1.3246708956067526
2019-02-12,1.3360857356250073
2019-02-13,1.330534731206709
2019-02-14,1.3353823651966
2019-02-15,1.3324114684314947
2019-02-19,1.3363985668066654
2019-02-20,1.344998925650644
2019-02-21,1.3374152681470532
2019-02-22,1.3523480847005729
2019-02-25,1.3621993934734413
2019-02-26,1.3629810966298443
2019-02-27,1.3672030682564194
2019-02-28,1.3537557000854525
2019-03-01,1.3679846464802417
2019-03-04,1.3748653083531663
2019-03-05,1.372363158630226
2019-03-06,1.3644667948775577
2019-03-07,1.3486734427093185
2019-03-08,1.3518792127258281
2019-03-11,1.3987110650671615
2019-03-12,1.4144262094399864
2019-03-13,1.420680834151854
2019-03-14,1.4364738115223517
2019-03-15,1.4551597277277009
2019-03-18,1.470014711283547
2019-03-19,1.4583653728116295
2019-03-20,1.47110974535193
2019-03-21,1.5252912564735137
2019-03-22,1.4937045521370351
2019-03-25,1.4756440484298405
2019-03-26,1.460398275762083
2019-03-27,1.473533312481714
2019-03-28,1.4754880076367531
2019-03-29,1.4851044431582168
2019-04-01,1.4951902503847485
2019-04-02,1.5169255210157782
2019-04-03,1.527323909558806
2019-04-04,1.5299822250074138
2019-04-05,1.5402244478247742
2019-04-08,1.5644612435158414
2019-04-09,1.5597701500493601
2019-04-10,1.568526674619007
2019-04-11,1.5554699706273707
2019-04-12,1.5548444331966356
2019-04-15,1.5576592891686531
2019-04-16,1.5578154548943213
2019-04-17,1.5881507095715879
2019-04-18,1.5938583794458763
2019-04-22,1.5990969274802584
2019-04-23,1.6221612309030116
2019-04-24,1.6196594559778128
2019-04-25,1.604960638147634
2019-04-26,1.5972985229834678
2019-04-29,1.5997224649109936
2019-04-30,1.56891796346124
2019-05-01,1.645929029686753
2019-05-02,1.6352178099620671
2019-05-03,1.6555457150733779
2019-05-06,1.6299797616580065
2019-05-07,1.5860399736234607
2019-05-08,1.5863525549399573
2019-05-09,1.56930862764057
2019-05-10,1.5475684846388997
2019-05-13,1.4576246475416408
2019-05-14,1.4806995702337389
2019-05-15,1.4984369982876717
2019-05-16,1.4918440561477175
2019-05-17,1.483367755356209
2019-05-20,1.4369827868554466
2019-05-21,1.4369827868554466
2019-05-22,1.4369827868554466
2019-05-23,1.4369827868554466
2019-05-24,1.4369827868554466
2019-05-28,1.4369827868554466
2019-05-29,1.4369827868554466
2019-05-30,1.4369827868554466
2019-05-31,1.4369827868554466
2019-06-03,1.4369827868554466
2019-06-04,1.4369827868554466
2019-06-05,1.4369827868554466
2019-06-06,1.4369827868554466
2019-06-07,1.4369827868554466
2019-06-10,1.4369827868554466
2019-06-11,1.4369827868554466
2019-06-12,1.4369827868554466
2019-06-13,1.4369827868554466
2019-06-14,1.4369827868554466
2019-06-17,1.4369827868554466
2019-06-18,1.4369827868554466
2019-06-19,1.4369827868554466
2019-06-20,1.4369827868554466
2019-06-21,1.4320840374153936
2019-06-24,1.4306430938399022
2019-06-25,1.4089580684900902
2019-06-26,1.4394325629525135
2019-06-27,1.4389998785028255
2019-06-28,1.4258882667386668
2019-07-01,1.4520397011163073
2019-07-02,1.4605410961929746
2019-07-03,1.4726443341521758
2019-07-05,1.471347656952965
2019-07-08,1.4410174288668227
2019-07-09,1.4498065539419709
2019-07-10,1.4641433977921265
2019-07-11,1.4534808740501082
2019-07-12,1.4646478713924918
2019-07-15,1.4784077644166784
2019-07-16,1.4732927300913587
2019-07-17,1.4650076198999578
2019-07-18,1.481650088150054
2019-07-19,1.4595324930297084
2019-07-22,1.4928889893222688
2019-07-23,1.504559886869245
2019-07-24,1.503334884141557
2019-07-25,1.4914477017093142
2019-07-26,1.4966348692227742
2019-07-29,1.510611391169691
2019-07-30,1.5041274317778661
2019-07-31,1.534817867088093
2019-08-01,1.5016059812092766
2019-08-02,1.4698344655101794
2019-08-05,1.3928920923493457
2019-08-06,1.4192602703288706
2019-08-07,1.433956977365647
2019-08-08,1.4655839973301545
2019-08-09,1.4535072502556285
2019-08-12,1.449818595253187
2019-08-13,1.511216438388497
2019-08-14,1.466235030889889
2019-08-15,1.4589307715063817
2019-08-16,1.4933541279726623
2019-08-19,1.521196047765847
2019-08-20,1.5212684103122962
2019-08-21,1.5377568644579847
2019-08-22,1.5364553707342878
2019-08-23,1.4654395015955646
2019-08-26,1.4932819947845215
2019-08-27,1.4764314985482783
2019-08-28,1.4863388600583338
2019-08-29,1.5115054298576758
2019-08-30,1.509552558536781
2019-09-03,1.4875683352730449
2019-09-04,1.5128072676188358
2019-09-05,1.542385315131031
2019-09-06,1.5422407047172868
2019-09-09,1.5488212239571473
2019-09-10,1.5671174802933683
2019-09-11,1.6169444261043706
2019-09-12,1.613328363006687
2019-09-13,1.5819427426622679
2019-09-16,1.5902592749419837
2019-09-17,1.5960446089249836
2019-09-18,1.611014367028473
2019-09-19,1.5979246589828116
2019-09-20,1.5745662354114658
2019-09-23,1.5817259990603838
2019-09-24,1.5742045373583742
2019-09-25,1.5984310821288024
2019-09-26,1.5901869123955354
2019-09-27,1.5824488217707957
2019-09-30,1.6196924826821273
2019-10-01,1.624175864224812
2019-10-02,1.5834615533836223
2019-10-03,1.5969126154449123
2019-10-04,1.6416767059458632
2019-10-07,1.6420382893198004
2019-10-08,1.6228021226338198
2019-10-09,1.641821545717916
2019-10-10,1.6639504940745506
2019-10-11,1.708209193541901
2019-10-14,1.7057502431124794
2019-10-15,1.7017729406783217
2019-10-16,1.6949023978568922
2019-10-17,1.7014831464550613
2019-10-18,1.7096552976793422
2019-10-21,1.7393051343422143
2019-10-22,1.7353276025497477
2019-10-23,1.7586138929329531
2019-10-24,1.761506559924453
2019-10-25,1.7832021357564731
2019-10-28,1.801064331493153
2019-10-29,1.7594097662647403
2019-10-30,1.7591926786253924
2019-10-31,1.7989671937959772
2019-11-01,1.850023270784227
2019-11-04,1.862172609763511
2019-11-05,1.8594969157322045
2019-11-06,1.860292789063992
2019-11-07,1.8817624469617729
2019-11-08,1.8869124584291954
2019-11-11,1.9018543494981568
2019-11-12,1.9001140933295868
2019-11-13,1.9183197531338032
2019-11-14,1.9050464437618893
2019-11-15,1.9276767693817194
2019-11-18,1.9373965157951174
2019-11-19,1.93152127335504
2019-11-20,1.9090354434697996
2019-11-21,1.9004764794576054
2019-11-22,1.8988080124397126
2019-11-25,1.9321010911598697
2019-11-26,1.9170141309605468
2019-11-27,1.942763500222734
2019-11-29,1.9384843622541
2019-12-02,1.916071124273618
2019-12-03,1.881907745450444
2019-12-04,1.898518103537298
2019-12-05,1.9263712618876176
2019-12-06,1.9635812071275445
2019-12-09,1.9360914670176332
2019-12-10,1.947405712394313
2019-12-11,1.9640167585560937
2019-12-12,1.9690211274973823
2019-12-13,1.9957867834261833
2019-12-16,2.029950391607666
2019-12-17,2.033940308748812
2019-12-18,2.029080664900422
2019-12-19,2.031110944650561
2019-12-20,2.026903595832604
2019-12-23,2.05998027498834
2019-12-24,2.061938306871184
2019-12-26,2.1028475722749156
2019-12-27,2.102049864076657
2019-12-30,2.114525121212849
2019-12-31,2.129975155615117
2020-01-02,2.1785734289654894
2020-01-03,2.157393565290969
2020-01-06,2.1745837411826523
2020-01-07,2.1643568835483373
2020-01-08,2.19917347483518
2020-01-09,2.245885734811694
2020-01-10,2.2509623516202777
2020-01-13,2.299053055033115
2020-01-14,2.2680084904939894
2020-01-15,2.2582889734389004
2020-01-16,2.2865775685386147
2020-01-17,2.3118920744471794
2020-01-21,2.296225067084718
2020-01-22,2.304421415610585
2020-01-23,2.3155193761019977
2020-01-24,2.3088450493138084
2020-01-27,2.240953384379392
2020-01-28,2.3043484796683638
2020-01-29,2.352584137532409
2020-01-30,2.3491747262710194
2020-01-31,2.245015090671215
2020-02-03,2.2388501686870317
2020-02-04,2.312762489229351
2020-02-05,2.3316214761763905
2020-02-06,2.358894472684417
2020-02-07,2.326830869178971
2020-02-10,2.3378822699336825
2020-02-11,2.323776963296334
2020-02-12,2.378961948560906
2020-02-13,2.362020855792658
2020-02-14,2.362602049747341
2020-02-18,2.3193414029610486
2020-02-19,2.352932074086968
2020-02-20,2.328793258869684
2020-02-21,2.2760814442496837
2020-02-24,2.1679662952550647
2020-02-25,2.094532874861671
2020-02-26,2.1277602424263367
2020-02-27,1.9886718593266508
2020-02-28,1.9875087833423586
2020-03-02,1.9875087833423586
2020-03-03,1.9875087833423586
2020-03-04,1.9875087833423586
2020-03-05,1.9875087833423586
2020-03-06,1.9875087833423586
2020-03-09,1.9875087833423586
2020-03-10,1.9875087833423586
2020-03-11,1.9875087833423586
2020-03-12,1.9875087833423586
2020-03-13,1.9875087833423586
2020-03-16,1.9875087833423586
2020-03-17,1.9875087833423586
2020-03-18,1.9875087833423586
2020-03-19,1.9875087833423586
2020-03-20,1.9875087833423586
2020-03-23,1.9875087833423586
2020-03-24,1.9875087833423586
2020-03-25,1.9875087833423586
2020-03-26,1.9875087833423586
2020-03-27,1.9875087833423586
2020-03-30,1.9875087833423586
2020-03-31,1.9875087833423586
2020-04-01,1.9875087833423586
2020-04-02,1.9875087833423586
2020-04-03,1.9875087833423586
2020-04-06,1.9875087833423586
2020-04-07,1.9875087833423586
2020-04-08,1.9875087833423586
2020-04-09,1.9875087833423586
2020-04-13,1.9875087833423586
2020-04-14,1.9875087833423586
2020-04-15,1.9875087833423586
2020-04-16,1.9875087833423586
2020-04-17,1.9875087833423586
2020-04-20,1.9875087833423586
2020-04-21,1.9875087833423586
2020-04-22,1.9875087833423586
2020-04-23,1.979806156932602
2020-04-24,2.0369620519637492
2020-04-27,2.038401979854795
2020-04-28,2.0053606192084144
2020-04-29,2.071227158297694
2020-04-30,2.1149223049299275
2020-05-01,2.080873380799464
2020-05-04,2.1103148081771574
2020-05-05,2.141988453055084
2020-05-06,2.1640885417181246
2020-05-07,2.186475435132212
2020-05-08,2.238517440223863
2020-05-11,2.273740833216097
2020-05-12,2.2477562773547874
2020-05-13,2.220616327532014
2020-05-14,2.2342587416481385
2020-05-15,2.2210498273497095
2020-05-18,2.2733795455209935
2020-05-19,2.260243070427302
2020-05-20,2.3042014052673454
2020-05-21,2.2870221867192644
2020-05-22,2.301747328509968
2020-05-26,2.28615609541246
2020-05-27,2.296116826687152
2020-05-28,2.29712734223914
2020-05-29,2.294889447685244
2020-06-01,2.3231118981004495
2020-06-02,2.3338671898057948
2020-06-03,2.3467152705734136
2020-06-04,2.3265042782872234
2020-06-05,2.392766167393584
2020-06-08,2.406913158039263
2020-06-09,2.4829182337239555
2020-06-10,2.546798485277677
2020-06-11,2.4245245139121607
2020-06-12,2.4454571732599724
2020-06-15,2.475700654779153
2020-06-16,2.5413119535357507
2020-06-17,2.5377753761859405
2020-06-18,2.5387858917379282
2020-06-19,2.524277840479292
2020-06-22,2.5903221848892923
2020-06-23,2.6456126000868263
2020-06-24,2.5989113399990393
2020-06-25,2.633413520093945
2020-06-26,2.5525002908944976
2020-06-29,2.611326602195402
2020-06-30,2.633125125767872
2020-07-01,2.628144533048379
2020-07-02,2.628144533048379
2020-07-06,2.6984482572805426
2020-07-07,2.690074830209984
2020-07-08,2.752727021515357
2020-07-09,2.764565040895281
2020-07-10,2.7694005281231515
2020-07-13,2.7566253407245638
2020-07-14,2.8022420564805994
2020-07-15,2.8215145182552472
2020-07-16,2.786796383039007
2020-07-17,2.7811663353804845
2020-07-20,2.8397764644779078
2020-07-21,2.8005823130717284
2020-07-22,2.808449801119855
2020-07-23,2.680619583793433
2020-07-24,2.673979020582922
2020-07-27,2.737352878949917
2020-07-28,2.692384936886472
2020-07-29,2.743993442160428
2020-07-30,2.777196031130833
2020-07-31,3.067937024105754
2020-08-03,3.145241690914946
2020-08-04,3.1662467894674964
2020-08-05,3.177722839905876
2020-08-06,3.2885913833805773
2020-08-07,3.2138225429015073
2020-08-10,3.260534021685887
2020-08-11,3.1635667659743363
2020-08-12,3.2687064810567814
2020-08-13,3.3265542953883567
2020-08-14,3.323589510883469
2020-08-17,3.3149122479008746
2020-08-18,3.3425342931206976
2020-08-19,3.3467285003668117
2020-08-20,3.420991628905595
2020-08-21,3.5972827658731417
2020-08-24,3.640307566008866
2020-08-25,3.61044422000295
2020-08-26,3.659542105065046
2020-08-27,3.615794048292675
2020-08-28,3.609938280980517
2020-08-31,3.7323587203305353
2020-09-01,3.8810282662425526
2020-09-02,3.8006182510797806
2020-09-03,3.496338847611838
2020-09-04,3.49865258760267
2020-09-08,3.2632099577004112
2020-09-09,3.393368675357189
2020-09-10,3.28258982933036
2020-09-11,3.239492589989898
2020-09-14,3.33667739039781
2020-09-15,3.3418846110995233
2020-09-16,3.243253070336171
2020-09-17,3.19147879509526
2020-09-18,3.090244211686417
2020-09-21,3.183958742731301
2020-09-22,3.233997202044258
2020-09-23,3.098343323523988
2020-09-24,3.1301604843185107
2020-09-25,3.1301604843185107
2020-09-28,3.1301604843185107
2020-09-29,3.1301604843185107
2020-09-30,3.1301604843185107
2020-10-01,3.1301604843185107
2020-10-02,3.1301604843185107
2020-10-05,3.1301604843185107
2020-10-06,3.1301604843185107
2020-10-07,3.1301604843185107
2020-10-08,3.1301604843185107
2020-10-09,3.1301604843185107
2020-10-12,3.1301604843185107
2020-10-13,3.1301604843185107
2020-10-14,3.1324860628243196
2020-10-15,3.1200791217888337
2020-10-16,3.076396396731199
2020-10-19,2.997819847583347
2020-10-20,3.037366655055737
2020-10-21,3.020823390574884
2020-10-22,2.991874808499037
2020-10-23,2.973522219589057
2020-10-26,2.9737809554175825
2020-10-27,3.0138454374770864
2020-10-28,3.0138454374770864
2020-10-29,3.0138454374770864
2020-10-30,3.0138454374770864
2020-11-02,3.0138454374770864
2020-11-03,3.0138454374770864
2020-11-04,3.0138454374770864
2020-11-05,3.0138454374770864
2020-11-06,3.0138454374770864
2020-11-09,3.0138454374770864
2020-11-10,3.0138454374770864
2020-11-11,3.0138454374770864
2020-11-12,3.0138454374770864
2020-11-13,3.015109802446555
2020-11-16,3.0414030853729916
2020-11-17,3.0183962398989292
2020-11-18,2.9840128837334325
2020-11-19,2.9994349264075737
2020-11-20,2.9665681741405745
2020-11-23,2.8783348778790856
2020-11-24,2.9117072968757642
2020-11-25,2.933449579235087
2020-11-27,2.947606662503948
2020-11-30,3.0098004999301913
2020-12-01,3.1025847967587956
2020-12-02,3.1116864016024848
2020-12-03,3.1081471307852695
2020-12-04,3.0907026193376814
2020-12-07,3.1286248500298526
2020-12-08,3.144552163143133
2020-12-09,3.0788202437712964
2020-12-10,3.11573114100411
2020-12-11,3.094747556884576
2020-12-14,3.0788202437712964
2020-12-15,3.233038887205273
2020-12-16,3.2312690536513955
2020-12-17,3.2537710249768588
2020-12-18,3.2021953962928023
2020-12-21,3.241887658684123
2020-12-22,3.334166685073588
2020-12-23,3.3109068080894164
2020-12-24,3.336442185357145
2020-12-28,3.4557720040412154
2020-12-29,3.4097595019647136
2020-12-30,3.38068525017031
2020-12-31,3.354644602463442
2021-01-04,3.271721005008857
2021-01-05,3.3121717674946964
2021-01-06,3.2006779998132244
2021-01-07,3.3098960690658683
2021-01-08,3.338464455985322
2021-01-11,3.260849170320749
2021-01-12,3.256298367898905
2021-01-13,3.309137370826078
2021-01-14,3.2590799312026815
2021-01-15,3.214330407078757
2021-01-19,3.2317747203810745
2021-01-20,3.3379583929651018
2021-01-21,3.4603214194461676
2021-01-22,3.515942381967659
2021-01-25,3.6132772830728372
2021-01-26,3.6193448875384493
2021-01-27,3.5915351988587845
2021-01-28,3.465883753472641
2021-01-29,3.336189351992305
2021-02-01,3.3913026663314145
2021-02-02,3.412793106052249
2021-02-03,3.386247584196783
2021-02-04,3.473469943289454
2021-02-05,3.4627078810810654
2021-02-08,3.466505929621228
2021-02-09,3.4437180346707934
2021-02-10,3.428020173780464
2021-02-11,3.4214377879027404
2021-02-12,3.4275145070507844
2021-02-16,3.3723171791170885
2021-02-17,3.312816532204091
2021-02-18,3.284204751470452
2021-02-19,3.288255831520724
2021-02-22,3.1902696269122326
2021-02-23,3.1867246098821806
2021-02-24,3.1867246098821806
2021-02-25,3.1867246098821806
2021-02-26,3.1867246098821806
2021-03-01,3.1867246098821806
2021-03-02,3.1867246098821806
2021-03-03,3.1867246098821806
2021-03-04,3.1867246098821806
2021-03-05,3.1867246098821806
2021-03-08,3.1867246098821806
2021-03-09,3.1867246098821806
2021-03-10,3.1867246098821806
2021-03-11,3.1867246098821806
2021-03-12,3.1867246098821806
2021-03-15,3.1867246098821806
2021-03-16,3.1867246098821806
2021-03-17,3.1867246098821806
2021-03-18,3.1867246098821806
2021-03-19,3.1867246098821806
2021-03-22,3.1867246098821806
2021-03-23,3.1867246098821806
2021-03-24,3.1867246098821806
2021-03-25,3.1867246098821806
2021-03-26,3.1867246098821806
2021-03-29,3.1867246098821806
2021-03-30,3.1867246098821806
2021-03-31,3.1867246098821806
2021-04-01,3.1867246098821806
2021-04-05,3.1867246098821806
2021-04-06,3.1867246098821806
2021-04-07,3.1867246098821806
2021-04-08,3.1867246098821806
2021-04-09,3.1867246098821806
2021-04-12,3.1867246098821806
2021-04-13,3.1867246098821806
2021-04-14,3.1298313685572277
2021-04-15,3.1883845835465072
2021-04-16,3.1803243985031835
2021-04-19,3.1964429134560977
2021-04-20,3.1554329561267096
2021-04-21,3.1646778295719544
2021-04-22,3.127697964764228
2021-04-23,3.1841170339070146
2021-04-26,3.193598622416596
2021-04-27,3.1857758944911017
2021-04-28,3.1665745183006164
2021-04-29,3.164204399443281
2021-04-30,3.1163185744457436
2021-05-03,3.141920533041972
2021-05-04,3.0307425539340977
2021-05-05,3.036669335184423
2021-05-06,3.0755470018010516
2021-05-07,3.0919306153644173
2021-05-10,3.012144838260345
2021-05-11,2.9898236836710024
2021-05-12,2.915262519699297
2021-05-13,2.9675032711351528
2021-05-14,3.0263922653301125
2021-05-17,2.998372325426236
2021-05-18,2.998372325426236
2021-05-19,2.998372325426236
2021-05-20,2.998372325426236
2021-05-21,2.998372325426236
2021-05-24,2.998372325426236
2021-05-25,2.998372325426236
2021-05-26,2.998372325426236
2021-05-27,2.998372325426236
2021-05-28,2.998372325426236
2021-06-01,2.998372325426236
2021-06-02,2.998372325426236
2021-06-03,2.998372325426236
2021-06-04,2.998372325426236
2021-06-07,2.998372325426236
2021-06-08,2.998372325426236
2021-06-09,2.998372325426236
2021-06-10,2.998372325426236
2021-06-11,2.998372325426236
2021-06-14,2.998372325426236
2021-06-15,2.998372325426236
2021-06-16,2.998372325426236
2021-06-17,2.998372325426236
2021-06-18,2.998372325426236
2021-06-21,2.998372325426236
2021-06-22,3.036446522535164
2021-06-23,3.030099701649708
2021-06-24,3.023528371226709
2021-06-25,3.0167289901062695
2021-06-28,3.0545779694456754
2021-06-29,3.0897055674033522
2021-06-30,3.1039835241126967
2021-07-01,3.111009185350628
2021-07-02,3.1719748565051624
2021-07-06,3.2186611544863934
2021-07-07,3.2764528840242155
2021-07-08,3.246309822739176
2021-07-09,3.2886900702842556
2021-07-12,3.2748653820418747
2021-07-13,3.3007034552387324
2021-07-14,3.3802503006108435
2021-07-15,3.3650658069675727
2021-07-16,3.3176999604018866
2021-07-19,3.228405718294125
2021-07-20,3.3122600305663474
2021-07-21,3.2952628171712135
2021-07-22,3.3269923180906247
2021-07-23,3.3668792349514165
2021-07-26,3.3766248611071172
2021-07-27,3.32631206127419
2021-07-28,3.285744533480974
2021-07-29,3.3007034552387324
2021-07-30,3.305688700143349
2021-08-02,3.2979820738570034
2021-08-03,3.339683835165597
2021-08-04,3.3303911233608696
2021-08-05,3.3328837458131777
2021-08-06,3.316996331930124
2021-08-09,3.3158610360667766
2021-08-10,3.304739315174654
2021-08-11,3.310641366376902
2021-08-12,3.379414586874879
2021-08-13,3.3841806339818006
2021-08-16,3.4300290935311293
2021-08-17,3.408920947610232
2021-08-18,3.3219893673865166
2021-08-19,3.3297066171525564
2021-08-20,3.3635254024118764
2021-08-23,3.3980258609515905
2021-08-24,3.3959826116903575
2021-08-25,3.367384204352891
2021-08-26,3.3487725761601896
2021-08-27,3.372831570624216
2021-08-30,3.4754239304975028
2021-08-31,3.4461442039956323
2021-09-01,3.4615779952957326
2021-09-02,3.4874539589035005
2021-09-03,3.5022078475031564
2021-09-07,3.556454167750949
2021-09-08,3.5205917791144064
2021-09-09,3.4969874695813026
2021-09-10,3.3812294313226805
2021-09-13,3.3943944014760357
2021-09-14,3.3619368380815646
2021-09-15,3.3825913614195087
2021-09-16,3.377143995148183
2021-09-17,3.3151804251343497
2021-09-20,3.244365017723109
2021-09-21,3.255486384499241
2021-09-22,3.310414378027428
2021-09-23,3.310414378027428
2021-09-24,3.310414378027428
2021-09-27,3.310414378027428
2021-09-28,3.310414378027428
2021-09-29,3.310414378027428
2021-09-30,3.310414378027428
2021-10-01,3.310414378027428
2021-10-04,3.310414378027428
2021-10-05,3.310414378027428
2021-10-06,3.310414378027428
2021-10-07,3.310414378027428
2021-10-08,3.310414378027428
2021-10-11,3.310414378027428
2021-10-12,3.310414378027428
2021-10-13,3.310414378027428
2021-10-14,3.310414378027428
2021-10-15,3.310414378027428
2021-10-18,3.310414378027428
2021-10-19,3.310414378027428
2021-10-20,3.310414378027428
2021-10-21,3.310414378027428
2021-10-22,3.310414378027428
2021-10-25,3.310414378027428
2021-10-26,3.310414378027428
2021-10-27,3.310414378027428
2021-10-28,3.3931476991410645
2021-10-29,3.331542622103488
2021-11-01,3.3128609268184075
2021-11-02,3.3364353727064655
2021-11-03,3.36912773224214
2021-11-04,3.357340509298111
2021-11-05,3.3693671477386338
2021-11-08,3.350659082051041
2021-11-09,3.3589005267941032
2021-11-10,3.2945324561354
2021-11-11,3.2934183066292544
2021-11-12,3.340636594201455
2021-11-15,3.3408590077279072
2021-11-16,3.363131588481409
2021-11-17,3.4185899328807507
2021-11-18,3.5161423792693722
2021-11-19,3.5758321323350013
2021-11-22,3.586300835153414
2021-11-23,3.594987106949382
2021-11-24,3.6067920258214126
2021-11-26,3.4925339294412328
2021-11-29,3.568928985519439
2021-11-30,3.681626023466685
2021-12-01,3.6698231864685367
2021-12-02,3.6473271512516408
2021-12-03,3.6045644207670815
2021-12-06,3.6820732793724535
2021-12-07,3.812587687964541
2021-12-08,3.89945144686116
2021-12-09,3.887868941515582
2021-12-10,3.996781479723329
2021-12-13,3.9141505174089186
2021-12-14,3.882746490827563
2021-12-15,3.993439378183872
2021-12-16,3.836642352761508
2021-12-17,3.81169768687975
2021-12-20,3.7807388343302804
2021-12-21,3.8529021347632195
2021-12-22,3.9119225653756073
2021-12-23,3.9261775028284216
2021-12-27,4.0163805874326535
2021-12-28,3.9932173116363994
2021-12-29,3.995221462227336
2021-12-30,3.9689398863339993
2021-12-31,3.95490875032356
2022-01-03,4.05379775974478
2022-01-04,4.002349451422214
2022-01-05,3.8958872787742305
2022-01-06,3.830851273578208
2022-01-07,3.8346378551915894
2022-01-10,3.8350837231814356
2022-01-11,3.8994514468611587
2022-01-12,3.909473240752784
2022-01-13,3.835083723181436
2022-01-14,3.854683524848722
2022-01-18,3.781852289878464
2022-01-19,3.7023399746401164
2022-01-20,3.6640317603062575
2022-01-21,3.6172596877028833
2022-01-24,3.5996643836055147
2022-01-25,3.558682349248498
2022-01-26,3.558682349248498
2022-01-27,3.558682349248498
2022-01-28,3.558682349248498
2022-01-31,3.558682349248498
2022-02-01,3.558682349248498
2022-02-02,3.558682349248498
2022-02-03,3.558682349248498
2022-02-04,3.558682349248498
2022-02-07,3.558682349248498
2022-02-08,3.558682349248498
2022-02-09,3.558682349248498
2022-02-10,3.4747011352378814
2022-02-11,3.4044480243785085
2022-02-14,3.409293348114634
2022-02-15,3.488227271374842
2022-02-16,3.483382261739828
2022-02-17,3.483382261739828
2022-02-18,3.483382261739828
2022-02-22,3.483382261739828
2022-02-23,3.483382261739828
2022-02-24,3.483382261739828
2022-02-25,3.483382261739828
2022-02-28,3.483382261739828
2022-03-01,3.483382261739828
2022-03-02,3.483382261739828
2022-03-03,3.483382261739828
2022-03-04,3.483382261739828
2022-03-07,3.483382261739828
2022-03-08,3.483382261739828
2022-03-09,3.483382261739828
2022-03-10,3.483382261739828
2022-03-11,3.483382261739828
2022-03-14,3.483382261739828
2022-03-15,3.483382261739828
2022-03-16,3.483382261739828
2022-03-17,3.483382261739828
2022-03-18,3.483382261739828
2022-03-21,3.483382261739828
2022-03-22,3.483382261739828
2022-03-23,3.483382261739828
2022-03-24,3.483382261739828
2022-03-25,3.483382261739828
2022-03-28,3.483382261739828
2022-03-29,3.5500345580878507
2022-03-30,3.5264287357981203
2022-03-31,3.4637431509386514
2022-04-01,3.4577924664148942
2022-04-04,3.5397193180739244
2022-04-05,3.472670103660675
2022-04-06,3.408596231509305
2022-04-07,3.4147456837111374
2022-04-08,3.37407979210781
2022-04-11,3.2879871526366866
2022-04-12,3.3258761610107483
2022-04-13,3.38022893566418
2022-04-14,3.2788617408820495
2022-04-18,3.2744981113282696
2022-04-19,3.320718695326517
2022-04-20,3.3173464349994126
2022-04-21,3.301277734912491
2022-04-22,3.2094331785956864
2022-04-25,3.2094331785956864
2022-04-26,3.2094331785956864
2022-04-27,3.2094331785956864
2022-04-28,3.2094331785956864
2022-04-29,3.2094331785956864
2022-05-02,3.2094331785956864
2022-05-03,3.2094331785956864
2022-05-04,3.2094331785956864
2022-05-05,3.2094331785956864
2022-05-06,3.2094331785956864
2022-05-09,3.2094331785956864
2022-05-10,3.2094331785956864
2022-05-11,3.2094331785956864
2022-05-12,3.2094331785956864
2022-05-13,3.2094331785956864
2022-05-16,3.2094331785956864
2022-05-17,3.2094331785956864
2022-05-18,3.2094331785956864
2022-05-19,3.2094331785956864
2022-05-20,3.2094331785956864
2022-05-23,3.2094331785956864
2022-05-24,3.2094331785956864
2022-05-25,3.2094331785956864
2022-05-26,3.2094331785956864
2022-05-27,3.2094331785956864
2022-05-31,3.2094331785956864
2022-06-01,3.2094331785956864
2022-06-02,3.2094331785956864
2022-06-03,3.2094331785956864
2022-06-06,3.2094331785956864
2022-06-07,3.2094331785956864
2022-06-08,3.2094331785956864
2022-06-09,3.2094331785956864
2022-06-10,3.2094331785956864
2022-06-13,3.2094331785956864
2022-06-14,3.2094331785956864
2022-06-15,3.2094331785956864
2022-06-16,3.2094331785956864
2022-06-17,3.2094331785956864
2022-06-21,3.2094331785956864
2022-06-22,3.2094331785956864
2022-06-23,3.2094331785956864
2022-06-24,3.2094331785956864
2022-06-27,3.2094331785956864
2022-06-28,3.2094331785956864
2022-06-29,3.2094331785956864
2022-06-30,3.2094331785956864
2022-07-01,3.2094331785956864
2022-07-05,3.2094331785956864
2022-07-06,3.2094331785956864
2022-07-07,3.2094331785956864
2022-07-08,3.2094331785956864
2022-07-11,3.2094331785956864
2022-07-12,3.2094331785956864
2022-07-13,3.2094331785956864
2022-07-14,3.2094331785956864
2022-07-15,3.2094331785956864
2022-07-18,3.1431801668999317
2022-07-19,3.227173099590555
2022-07-20,3.2707716607343813
2022-07-21,3.320140751516215
2022-07-22,3.2932122772862593
2022-07-25,3.2688481508550455
2022-07-26,3.2399958347053817
2022-07-27,3.350915913464469
2022-07-28,3.3628846407405844
2022-07-29,3.473164213620639
2022-08-01,3.451792102988268
2022-08-02,3.419733604999338
2022-08-03,3.550530284551935
2022-08-04,3.5436919130751665
2022-08-05,3.5387694145491606
2022-08-08,3.528496085416302
2022-08-09,3.5295669156184175
2022-08-10,3.6220215651681795
2022-08-11,3.605970733549486
2022-08-12,3.6832305515615027
2022-08-15,3.7065590440701115
2022-08-16,3.703134047625204
2022-08-17,3.735664707024183
2022-08-18,3.7271040421339645
2022-08-19,3.670817222226275
2022-08-22,3.586281403526207
2022-08-23,3.579004406717037
2022-08-24,3.5854244073241417
2022-08-25,3.6389287289081933
2022-08-26,3.501744588705021
2022-08-29,3.4538039356067545
2022-08-30,3.400942776224718
2022-08-31,3.364773950461527
2022-09-01,3.3806102839994248
2022-09-02,3.334597125264967
2022-09-06,3.3072024663516717
2022-09-07,3.3378072915887054
2022-09-08,3.3057046322301997
2022-09-09,3.367983784744893
2022-09-12,3.367983784744893
2022-09-13,3.367983784744893
2022-09-14,3.367983784744893
2022-09-15,3.367983784744893
2022-09-16,3.367983784744893
2022-09-19,3.367983784744893
2022-09-20,3.367983784744893
2022-09-21,3.367983784744893
2022-09-22,3.367983784744893
2022-09-23,3.367983784744893
2022-09-26,3.367983784744893
2022-09-27,3.367983784744893
2022-09-28,3.367983784744893
2022-09-29,3.367983784744893
2022-09-30,3.367983784744893
2022-10-03,3.367983784744893
2022-10-04,3.367983784744893
2022-10-05,3.367983784744893
2022-10-06,3.367983784744893
2022-10-07,3.367983784744893
2022-10-10,3.367983784744893
2022-10-11,3.367983784744893
2022-10-12,3.367983784744893
2022-10-13,3.367983784744893
2022-10-14,3.367983784744893
2022-10-17,3.367983784744893
2022-10-18,3.367983784744893
2022-10-19,3.367983784744893
2022-10-20,3.367983784744893
2022-10-21,3.367983784744893
2022-10-24,3.367983784744893
2022-10-25,3.367983784744893
2022-10-26,3.367983784744893
2022-10-27,3.367983784744893
2022-10-28,3.367983784744893
2022-10-31,3.367983784744893
2022-11-01,3.367983784744893
2022-11-02,3.367983784744893
2022-11-03,3.367983784744893
2022-11-04,3.367983784744893
2022-11-07,3.367983784744893
2022-11-08,3.367983784744893
2022-11-09,3.367983784744893
2022-11-10,3.367983784744893
2022-11-11,3.367983784744893
2022-11-14,3.367983784744893
2022-11-15,3.367983784744893
2022-11-16,3.367983784744893
2022-11-17,3.367983784744893
2022-11-18,3.367983784744893
2022-11-21,3.367983784744893
2022-11-22,3.4173625329303197
2022-11-23,3.4376145163045857
2022-11-25,3.3702595775859594
2022-11-28,3.281741915412331
2022-11-29,3.2123381639656396
2022-11-30,3.3684384498780786
2022-12-01,3.374809401000133
2022-12-02,3.363432903969946
2022-12-05,3.3365819319998504
2022-12-06,3.2519328004478014
2022-12-07,3.2071052854909143
2022-12-08,3.246016514458932
2022-12-09,3.2348669975417454
2022-12-12,3.2348669975417454
2022-12-13,3.2348669975417454
2022-12-14,3.2348669975417454
2022-12-15,3.2348669975417454
2022-12-16,3.2348669975417454
2022-12-19,3.2348669975417454
2022-12-20,3.2348669975417454
2022-12-21,3.2348669975417454
2022-12-22,3.2348669975417454
2022-12-23,3.2348669975417454
2022-12-27,3.2348669975417454
2022-12-28,3.2348669975417454
2022-12-29,3.2348669975417454
2022-12-30,3.2348669975417454
2023-01-03,3.2348669975417454
2023-01-04,3.2348669975417454
2023-01-05,3.2348669975417454
2023-01-06,3.2348669975417454
2023-01-09,3.2348669975417454
2023-01-10,3.2348669975417454
2023-01-11,3.2348669975417454
2023-01-12,3.2348669975417454
2023-01-13,3.2348669975417454
2023-01-17,3.2348669975417454
2023-01-18,3.2348669975417454
2023-01-19,3.2348669975417454
2023-01-20,3.2348669975417454
2023-01-23,3.2348669975417454
2023-01-24,3.2348669975417454
2023-01-25,3.2348669975417454
2023-01-26,3.2348669975417454
2023-01-27,3.2348669975417454
2023-01-30,3.1699175163331708
2023-01-31,3.1985125928192737
2023-02-01,3.2237833710627766
2023-02-02,3.343265832748259
2023-02-03,3.4248405820011354
2023-02-06,3.3634375453853944
2023-02-07,3.428166253636936
2023-02-08,3.367649742332328
2023-02-09,3.3443727876681244
2023-02-10,3.3525880824471668
2023-02-13,3.415639190903899
2023-02-14,3.401208605194517
2023-02-15,3.4484959064921656
2023-02-16,3.4125308587421284
2023-02-17,3.3867773327885344
2023-02-21,3.2964190473197736
2023-02-22,3.3059655034587165
2023-02-23,3.3168441510024618
2023-02-24,3.257123521057733
2023-02-27,3.283986405369294
2023-02-28,3.2726641518216826
2023-03-01,3.2260415728332337
2023-03-02,3.2393621134880473
2023-03-03,3.3530316884510327
2023-03-06,3.415195241551731
2023-03-07,3.365686476751746
2023-03-08,3.3938818958164085
2023-03-09,3.343263772658456
2023-03-10,3.2968640267168414
2023-03-13,3.3405990465005533
2023-03-14,3.387665231492869
2023-03-15,3.3965462786260123
2023-03-16,3.4600409930866114
2023-03-17,3.441170570507259
2023-03-20,3.4944534198231145
2023-03-21,3.5361904958479244
2023-03-22,3.5039998759620583
2023-03-23,3.52842018046595
2023-03-24,3.557725644585181
2023-03-27,3.513989938104869
2023-03-28,3.5000033017476544
2023-03-29,3.569270731179627
2023-03-30,3.604570026575564
2023-03-31,3.6609612080531893
2023-04-03,3.689156283769552
2023-04-04,3.67716827786784
2023-04-05,3.635651974800063
2023-04-06,3.655633815827184
2023-04-10,3.597244003894056
2023-04-11,3.569937170230328
2023-04-12,3.5543961961180783
2023-04-13,3.675614283461105
2023-04-14,3.66784362473083
2023-04-17,3.668287574082997
2023-04-18,3.6958168974452588
2023-04-19,3.7215704233988527
2023-04-20,3.699812784963063
2023-04-21,3.6636255908627926
2023-04-24,3.6705069774955326
2023-04-25,3.635874121150297
2023-04-26,3.6356519748000635
2023-04-27,3.738886851571471
2023-04-28,3.7670819272878338
2023-05-01,3.7650843268772323
2023-05-02,3.741773724079608
2023-05-03,3.7175738491844488
2023-05-04,3.6807202160334773
2023-05-05,3.8534439818904906
2023-05-08,3.851890674180356
2023-05-09,3.813482359926049
2023-05-10,3.853222522236857
2023-05-11,3.857440899453195
2023-05-12,3.8365433485094225
2023-05-15,3.825427790638535
2023-05-16,3.825427790638535
2023-05-17,3.839210478105427
2023-05-18,3.8916785619048926
2023-05-19,3.8941235451506637
2023-05-22,3.8727813581581243
2023-05-23,3.814089056372514
2023-05-24,3.820313274358658
2023-05-25,3.8458807055335402
2023-05-26,3.9001259601348752
2023-05-30,3.9416992590204867
2023-05-31,3.9405878405727184
2023-06-01,4.003726159497703
2023-06-02,4.022845509594706
2023-06-05,3.9923884552765827
2023-06-06,3.9841625167002337
2023-06-07,3.9532601396367424
2023-06-08,4.0143974246681235
2023-06-09,4.0230683426415395
2023-06-12,4.08598417186799
2023-06-13,4.07531256334927
2023-06-14,4.08954126025813
2023-06-15,4.135338429932882
2023-06-16,4.111105936949204
2023-06-20,4.113106284146207
2023-06-21,4.0897634066083635
2023-06-22,4.157347399324423
2023-06-23,4.150234252589043
2023-06-26,4.118886896128484
2023-06-27,4.1809137966057
2023-06-28,4.207369469833216
2023-06-29,4.214928282662264
2023-06-30,4.312303920690646
2023-07-03,4.278733727334549
2023-07-05,4.253611962253336
2023-07-06,4.264282540727156
2023-07-07,4.239160775645942
2023-07-10,4.193142146317556
2023-07-11,4.181357745957866
2023-07-12,4.218929663752871
2023-07-13,4.236048323304569
2023-07-14,4.239382921996175
2023-07-17,4.312748556739414
2023-07-18,4.306968288105436
2023-07-19,4.337426029120159
2023-07-20,4.293629549990711
2023-07-21,4.267173190066594
2023-07-24,4.285180778367528
2023-07-25,4.304521931466464
2023-07-26,4.324086260960534
2023-07-27,4.295629897187713
2023-07-28,4.353654729877722
2023-07-31,4.367438790737815
2023-08-01,4.34876407668958
2023-08-02,4.281401200278854
2023-08-03,4.250054530514895
2023-08-04,4.045966927478912
2023-08-07,3.976159067822415
2023-08-08,3.997278765116421
2023-08-09,3.9614857348647874
2023-08-10,3.956595081676645
2023-08-11,3.956595081676645
2023-08-14,3.956595081676645
2023-08-15,3.956595081676645
2023-08-16,3.956595081676645
2023-08-17,3.956595081676645
2023-08-18,3.956595081676645
2023-08-21,3.956595081676645
2023-08-22,3.956595081676645
2023-08-23,3.956595081676645
2023-08-24,3.956595081676645
2023-08-25,3.956595081676645
2023-08-28,3.956595081676645
2023-08-29,3.956595081676645
2023-08-30,3.956595081676645
2023-08-31,3.956595081676645
2023-09-01,3.956595081676645
2023-09-05,3.956595081676645
2023-09-06,3.956595081676645
2023-09-07,3.956595081676645
2023-09-08,3.956595081676645
2023-09-11,3.956595081676645
2023-09-12,3.956595081676645
2023-09-13,3.956595081676645
2023-09-14,3.956595081676645
2023-09-15,3.956595081676645
2023-09-18,3.956595081676645
2023-09-19,3.956595081676645
2023-09-20,3.956595081676645
2023-09-21,3.956595081676645
2023-09-22,3.956595081676645
2023-09-25,3.956595081676645
2023-09-26,3.956595081676645
2023-09-27,3.956595081676645
2023-09-28,3.956595081676645
2023-09-29,3.956595081676645
2023-10-02,3.956595081676645
2023-10-03,3.956595081676645
2023-10-04,3.956595081676645
2023-10-05,3.956595081676645
2023-10-06,3.956595081676645
2023-10-09,3.956595081676645
2023-10-10,3.956595081676645
2023-10-11,3.956595081676645
2023-10-12,3.956595081676645
2023-10-13,3.956595081676645
2023-10-16,3.956595081676645
2023-10-17,3.956595081676645
2023-10-18,3.9273362805541048
2023-10-19,3.9188498572282096
2023-10-20,3.861226160995902
2023-10-23,3.863906156671964
2023-10-24,3.863906156671964
2023-10-25,3.863906156671964
2023-10-26,3.863906156671964
2023-10-27,3.863906156671964
2023-10-30,3.863906156671964
2023-10-31,3.863906156671964
2023-11-01,3.863906156671964
2023-11-02,3.863906156671964
2023-11-03,3.863906156671964
2023-11-06,3.863906156671964
2023-11-07,3.863906156671964
2023-11-08,3.863906156671964
2023-11-09,3.863906156671964
2023-11-10,3.863906156671964
2023-11-13,3.8307397693261955
2023-11-14,3.8854641807314083
2023-11-15,3.8972800813870445
2023-11-16,3.932519926696379
2023-11-17,3.932104851957753
2023-11-20,3.968588644329923
2023-11-21,3.9517975939994656
2023-11-22,3.9656856754656267
2023-11-24,3.9379091932450443
2023-11-27,3.9341779906330587
2023-11-28,3.9468227636129045
2023-11-29,3.9254716383462513
2023-11-30,3.9374944377946797
2023-12-01,3.9642354681865193
2023-12-04,3.9267155854090867
2023-12-05,4.009424974268975
2023-12-06,3.9866230031466943
2023-12-07,4.027043939058861
2023-12-08,4.056894837107791
2023-12-11,4.004449824594154
2023-12-12,4.036164727507773
2023-12-13,4.103534869757614
2023-12-14,4.106643779549922
2023-12-15,4.095450810290486
2023-12-18,4.060625720431517
2023-12-19,4.082390643283754
2023-12-20,4.038652940921706
2023-12-21,4.035543392552879
2023-12-22,4.013156496169223
2023-12-26,4.001754712387432
2023-12-27,4.003827212486216
2023-12-28,4.012741102142337
2023-12-29,3.9909755407135794
2024-01-02,3.84815215461155
2024-01-03,3.8193386241209257
2024-01-04,3.7708329901651094
2024-01-05,3.7556996844830706
2024-01-08,3.8464940906748706
2024-01-09,3.837788057676323
2024-01-10,3.837788057676323
2024-01-11,3.837788057676323
2024-01-12,3.837788057676323
2024-01-16,3.837788057676323
2024-01-17,3.837788057676323
2024-01-18,3.837788057676323
2024-01-19,3.837788057676323
2024-01-22,3.837788057676323
2024-01-23,3.837788057676323
2024-01-24,3.837788057676323
2024-01-25,3.837788057676323
2024-01-26,3.837788057676323
2024-01-29,3.837788057676323
2024-01-30,3.837788057676323
2024-01-31,3.7634978296176627
2024-02-01,3.8137052467676877
2024-02-02,3.793092073285935
2024-02-05,3.8304407381201853
2024-02-06,3.8304407381201853
2024-02-07,3.8304407381201853
2024-02-08,3.8304407381201853
2024-02-09,3.8304407381201853
2024-02-12,3.8304407381201853
2024-02-13,3.8304407381201853
2024-02-14,3.8304407381201853
2024-02-15,3.8304407381201853
2024-02-16,3.8304407381201853
2024-02-20,3.8304407381201853
2024-02-21,3.8304407381201853
2024-02-22,3.8304407381201853
2024-02-23,3.8304407381201853
2024-02-26,3.8304407381201853
2024-02-27,3.8304407381201853
2024-02-28,3.8304407381201853
2024-02-29,3.8304407381201853
2024-03-01,3.8304407381201853
2024-03-04,3.8304407381201853
2024-03-05,3.8304407381201853
2024-03-06,3.8304407381201853
2024-03-07,3.8304407381201853
2024-03-08,3.8304407381201853
2024-03-11,3.8304407381201853
2024-03-12,3.8304407381201853
2024-03-13,3.8304407381201853
2024-03-14,3.8304407381201853
2024-03-15,3.8304407381201853
2024-03-18,3.8304407381201853
2024-03-19,3.8304407381201853
2024-03-20,3.8304407381201853
2024-03-21,3.8304407381201853
2024-03-22,3.8304407381201853
2024-03-25,3.8304407381201853
2024-03-26,3.8304407381201853
2024-03-27,3.8304407381201853
2024-03-28,3.8304407381201853
2024-04-01,3.8304407381201853
2024-04-02,3.8304407381201853
2024-04-03,3.8304407381201853
2024-04-04,3.8304407381201853
2024-04-05,3.8304407381201853
2024-04-08,3.8304407381201853
2024-04-09,3.8304407381201853
2024-04-10,3.8304407381201853
2024-04-11,3.8304407381201853
2024-04-12,3.8304407381201853
2024-04-15,3.8304407381201853
2024-04-16,3.8304407381201853
2024-04-17,3.8304407381201853
2024-04-18,3.8304407381201853
2024-04-19,3.8304407381201853
2024-04-22,3.8304407381201853
2024-04-23,3.8304407381201853
2024-04-24,3.8304407381201853
2024-04-25,3.8304407381201853
2024-04-26,3.8304407381201853
2024-04-29,3.8304407381201853
2024-04-30,3.8304407381201853
2024-05-01,3.8304407381201853
2024-05-02,3.8304407381201853
2024-05-03,3.8304407381201853
2024-05-06,3.8304407381201853
2024-05-07,3.84498593405405
2024-05-08,3.852153141449829
2024-05-09,3.890729981836068
2024-05-10,3.8639218633214973
2024-05-13,3.9321021044479716
2024-05-14,3.956377282189381
2024-05-15,4.0047158836938515
2024-05-16,4.007248500188333
2024-05-17,4.007882140729974
2024-05-20,4.0325792050346765
2024-05-21,4.060231420954516
2024-05-22,4.02962372914086
2024-05-23,3.944767781149825
2024-05-24,4.01020397608215
2024-05-28,4.010415405781817
2024-05-29,4.016747919854062
2024-05-30,4.037856192001987
2024-05-31,4.058120366744646
2024-06-03,4.095694213172187
2024-06-04,4.102448938086406
2024-06-05,4.134533395010928
2024-06-06,4.105192335723194
2024-06-07,4.1560642022795085
2024-06-10,4.076484916977103
2024-06-11,4.372638258933864
2024-06-12,4.497600669846923
2024-06-13,4.522298058430306
2024-06-14,4.485357852544406
2024-06-17,4.573591162992551
2024-06-18,4.523352936977879
2024-06-20,4.426042741984658
2024-06-21,4.379815518968737
2024-06-24,4.393535749939482
2024-06-25,4.413166932697861
2024-06-26,4.501400243146007
2024-06-27,4.51934258253649
2024-06-28,4.445884381606663
2024-07-01,4.575280330639128
2024-07-02,4.6495823046955405
2024-07-03,4.676601204352418
2024-07-05,4.777711296923403
2024-07-08,4.808952305000018
2024-07-09,4.827105101254126
2024-07-10,4.917872325311476
2024-07-11,4.803674993754026
2024-07-12,4.8663671424922015
2024-07-15,4.947846700862169
2024-07-16,4.956712479986257
2024-07-17,4.831327209673863
2024-07-18,4.732116741613081
2024-07-19,4.73486111208591
2024-07-22,4.727473395187411
2024-07-23,4.7496368701615905
2024-07-24,4.613064309651614
2024-07-25,4.590900510398754
2024-07-26,4.600822140906457
2024-07-29,4.606732119858049
2024-07-30,4.618553050597273
2024-07-31,4.687788818828682
2024-08-01,4.609265384909891
2024-08-02,4.640927955271119
2024-08-05,4.4173883925602375
2024-08-06,4.374326778023079
2024-08-07,4.428998217878475
2024-08-08,4.5026668756719275
2024-08-09,4.564515251283517
2024-08-12,4.597059859655628
2024-08-13,4.597059859655628
2024-08-14,4.597059859655628
2024-08-15,4.597059859655628
2024-08-16,4.597059859655628
2024-08-19,4.597059859655628
2024-08-20,4.609677115441484
2024-08-21,4.607438711088623
2024-08-22,4.569382714316049
2024-08-23,4.616392953054854
2024-08-26,4.623312707805838
2024-08-27,4.640611001712423
2024-08-28,4.609270530275827
2024-08-29,4.676428281854742
2024-08-30,4.660350992554698
2024-09-03,4.533565121896338
2024-09-04,4.494491725377445
2024-09-05,4.5256285919538195
2024-09-06,4.493880910796781
2024-09-09,4.495712417706593
2024-09-10,4.479431523546329
2024-09-11,4.531326717543476
2024-09-12,4.533565121896337
2024-09-13,4.528070288889508
2024-09-16,4.528070288889508
2024-09-17,4.528070288889508
2024-09-18,4.528070288889508
2024-09-19,4.528070288889508
2024-09-20,4.528070288889508
2024-09-23,4.528070288889508
2024-09-24,4.54606429496757
2024-09-25,4.526070239006765
2024-09-26,4.549063295980581
2024-09-27,4.55446180460717
2024-09-30,4.658631299435757
2024-10-01,4.522871815931508
2024-10-02,4.534268326584121
2024-10-03,4.512074185071981
2024-10-04,4.534668091118132
2024-10-07,4.4324980325659435
2024-10-08,4.514074234954725
2024-10-09,4.589451479239375
2024-10-10,4.579454604660558
2024-10-11,4.549663402986356
2024-10-14,4.624641803146514
2024-10-15,4.675626661186727
2024-10-16,4.634238913191321
2024-10-17,4.641636551291137
2024-10-18,4.698620024963716
2024-10-21,4.728210884166154
2024-10-22,4.715815115580103
2024-10-23,4.613844479090161
2024-10-24,4.6100462558123025
2024-10-25,4.626841275091506
2024-10-28,4.6666290445413505
2024-10-29,4.672027859971116
2024-10-30,4.600648874632916
2024-10-31,4.516873200299146
2024-11-01,4.456890725613557
2024-11-04,4.4388957991259765
2024-11-05,4.46768774286674
2024-11-06,4.45309158192618
2024-11-07,4.548263766912562
2024-11-08,4.542859735828863
2024-11-11,4.488215636348019
2024-11-12,4.488215636348019
2024-11-13,4.488215636348019
2024-11-14,4.488215636348019
2024-11-15,4.488215636348019
2024-11-18,4.488215636348019
2024-11-19,4.488215636348019
2024-11-20,4.488215636348019
2024-11-21,4.488215636348019
2024-11-22,4.488215636348019
2024-11-25,4.488215636348019
2024-11-26,4.530424370981022
2024-11-27,4.527918617870604
2024-11-29,4.574175198426614
2024-12-02,4.617733116560591
2024-12-03,4.676710190299986
2024-12-04,4.6836487216964
2024-12-05,4.684226858791081
2024-12-06,4.680371922179687
2024-12-09,4.755731516402246
2024-12-10,4.775390540982045
2024-12-11,4.75072030560149
2024-12-12,4.779052272861746
2024-12-13,4.782328776958378
2024-12-16,4.838414574384207
2024-12-17,4.885441905926432
2024-12-18,4.7807869795658675
2024-12-19,4.8143227715184125
2024-12-20,4.904908612034774
2024-12-23,4.919941653596884
2024-12-24,4.976413269645939
2024-12-26,4.992217062194265
2024-12-27,4.926109138587003
2024-12-30,4.860771965965956
